{"cameraMode":{"drawMode":0,"name":"Shaded","section":"Shading Mode"},"sceneLighting":true,"audioPlay":false,"sceneViewState":{"showFog":true,"showMaterialUpdate":false,"showSkybox":true,"showFlares":true,"showImageEffects":true,"showParticleSystems":true},"in2DMode":false,"pivot":{"x":0.5166106224060059,"y":-1.9700074195861817,"z":-23.822343826293947},"rotation":{"x":-0.04974200949072838,"y":0.949532687664032,"z":-0.23721271753311158,"w":-0.199111208319664},"size":10.0,"orthographic":false}